<?xml version="1.0" encoding="UTF-8"?>
<!DOCTYPE hibernate-configuration PUBLIC
        "-//Hibernate/Hibernate Configuration DTD 3.0//EN"
        "http://www.hibernate.org/dtd/hibernate-configuration-3.0.dtd">
<hibernate-configuration>
    <session-factory>
<!--        Connection Properties-->
        <property name="hibernate.connection.driver_class">oracle.jdbc.driver.OracleDriver</property>
        <property name="hibernate.connection.url">jdbc:oracle:thin:@localhost:1521:ORCL</property>
        <property name="hibernate.connection.username">system</property>
        <property name="hibernate.connection.password">Admin#123</property>
<!--        Hibernate Properties-->
        <property name="hibernate.dialect">org.hibernate.dialect.OracleDialect</property>
        <property name="hbm2ddl.auto">update</property>
        <property name="show_sql">true</property>
<!--Mapping Tags-->

        <mapping resource="Customer.hbm.xml"></mapping>
        <mapping resource="Address.hbm.xml"></mapping>
     <mapping resource="BankDetail.hbm.xml"></mapping>


    </session-factory>
</hibernate-configuration>
